{"data":[
  {
    "Title": "Baltimore Explorer",
    "Category": "housing",
    "Short-Message": "A tool by Zillow for exploring the opportunity and growth potential of Baltimore's neighborhoods.",
    "Image-File": "baltimore-explorer.jpg",
    "Gallery-Link": "http://files.zillowstatic.com/research/public/Whitehouse_Hackathon/index.html"
  },
  {
    "Title": "Community Commons",
    "Category": "housing",
    "Short-Message": "A new tool for finding areas of opportunity through geographic visualizations and reports.",
    "Image-File": "community-commons.jpg",
    "Gallery-Link": "http://www.assessment.communitycommons.org"
  },
  {
    "Title": "Data2Go.nyc",
    "Category": "education",
    "Short-Message": "This tool from Measure of America combines various data critical to the well being of New Yorkers.",
    "Image-File": "measure-of-america.jpg",
    "Gallery-Link": "http://www.data2go.nyc"
  },
  {
    "Title": "Streetwyze",
    "Category": "domestic-abuse",
    "Short-Message": "A \"ground-truthing\" neighborhood navigator powered by local knowledge.",
    "Image-File": "streetwyze.jpg",
    "Gallery-Link": "http://www.streetwyze.com/"
  }
]}